,Id,Age,Height,Weight,Gender,Left - right handed,secondary school,college/bachelor degree,masters degree,primary school,currently a primary school pupil,doctorate degree
0,0,20.0,163.0,48.0,female,right handed,False,True,False,False,False,False
1,1,19.0,163.0,58.0,female,right handed,False,True,False,False,False,False
2,2,20.0,176.0,67.0,female,right handed,True,False,False,False,False,False
3,3,22.0,172.0,59.0,female,right handed,False,True,False,False,False,False
4,4,20.0,170.0,59.0,female,right handed,True,False,False,False,False,False
5,5,20.0,186.0,77.0,male,right handed,True,False,False,False,False,False
6,6,20.0,177.0,50.0,female,right handed,True,False,False,False,False,False
7,7,19.0,184.0,90.0,male,right handed,False,True,False,False,False,False
8,8,18.0,166.0,55.0,female,right handed,True,False,False,False,False,False
9,9,19.0,174.0,60.0,female,right handed,True,False,False,False,False,False
10,10,19.0,175.0,60.0,female,left handed,True,False,False,False,False,False
11,11,17.0,176.0,60.0,female,right handed,False,False,False,True,False,False
12,12,24.0,168.0,55.0,female,right handed,False,True,False,False,False,False
13,13,19.0,165.0,55.0,female,right handed,True,False,False,False,False,False
14,14,22.0,175.0,57.0,female,right handed,False,True,False,False,False,False
15,15,18.0,177.0,77.0,male,right handed,True,False,False,False,False,False
16,16,19.0,175.0,65.0,female,right handed,False,True,False,False,False,False
17,17,20.0,168.0,65.0,female,right handed,True,False,False,False,False,False
18,18,18.0,181.0,78.0,male,right handed,True,False,False,False,False,False
19,19,18.0,188.0,90.0,male,left handed,True,False,False,False,False,False
20,20,20.0,186.0,77.0,male,right handed,True,False,False,False,False,False
21,21,24.0,186.0,85.0,male,left handed,True,False,False,False,False,False
22,22,22.0,167.0,70.0,female,right handed,False,True,False,False,False,False
23,23,20.0,168.0,54.0,female,right handed,True,False,False,False,False,False
24,24,19.0,167.0,51.0,female,right handed,True,False,False,False,False,False
25,25,20.0,170.0,56.0,female,right handed,True,False,False,False,False,False
26,26,22.0,165.0,63.0,female,left handed,False,True,False,False,False,False
27,27,19.0,163.0,50.0,female,right handed,True,False,False,False,False,False
28,28,20.0,187.0,80.0,male,left handed,True,False,False,False,False,False
29,29,19.0,168.0,60.0,female,right handed,True,False,False,False,False,False
30,30,25.0,183.0,87.0,male,right handed,True,False,False,False,False,False
31,31,22.0,177.0,80.0,female,right handed,True,False,False,False,False,False
32,32,20.0,158.0,46.0,female,left handed,True,False,False,False,False,False
33,33,27.0,170.0,70.0,female,right handed,False,False,True,False,False,False
34,34,20.0,177.0,67.0,male,right handed,False,True,False,False,False,False
35,35,19.0,170.0,72.0,female,right handed,True,False,False,False,False,False
36,36,18.0,173.0,65.0,female,right handed,True,False,False,False,False,False
37,37,21.0,185.0,101.0,male,right handed,True,False,False,False,False,False
38,38,23.0,168.0,60.0,female,right handed,True,False,False,False,False,False
39,39,21.0,155.0,46.0,female,right handed,True,False,False,False,False,False
40,40,26.0,172.0,62.0,female,right handed,True,False,False,False,False,False
41,41,20.0,188.0,80.0,male,right handed,False,True,False,False,False,False
42,42,19.0,170.0,90.0,female,right handed,True,False,False,False,False,False
43,43,20.0,163.0,55.0,female,right handed,False,True,False,False,False,False
44,44,25.0,170.0,67.0,female,right handed,False,False,True,False,False,False
45,45,27.0,181.0,78.0,male,right handed,False,False,True,False,False,False
46,46,21.0,163.0,55.0,female,right handed,False,True,False,False,False,False
47,47,19.0,170.0,60.0,female,right handed,True,False,False,False,False,False
48,48,20.0,171.0,70.0,female,right handed,True,False,False,False,False,False
49,49,20.0,157.0,41.0,female,right handed,False,False,False,True,False,False
50,50,19.0,175.0,60.0,female,right handed,False,True,False,False,False,False
51,51,19.0,,75.0,female,right handed,True,False,False,False,False,False
52,52,21.0,160.0,58.0,female,right handed,True,False,False,False,False,False
53,53,18.0,164.0,51.0,female,right handed,True,False,False,False,False,False
54,54,21.0,160.0,57.0,female,right handed,False,True,False,False,False,False
55,55,23.0,165.0,45.0,female,right handed,False,True,False,False,False,False
56,56,20.0,170.0,64.0,female,left handed,True,False,False,False,False,False
57,57,21.0,157.0,45.0,female,right handed,True,False,False,False,False,False
58,58,19.0,185.0,71.0,male,right handed,True,False,False,False,False,False
59,59,22.0,178.0,74.0,male,right handed,False,True,False,False,False,False
60,60,23.0,175.0,72.0,male,right handed,False,True,False,False,False,False
61,61,23.0,165.0,56.0,male,left handed,True,False,False,False,False,False
62,62,23.0,189.0,81.0,male,right handed,True,False,False,False,False,False
63,63,22.0,180.0,78.0,male,right handed,False,True,False,False,False,False
64,64,18.0,180.0,52.0,female,right handed,False,False,False,True,False,False
65,65,17.0,185.0,84.0,male,left handed,False,False,False,True,False,False
66,66,20.0,183.0,83.0,male,right handed,True,False,False,False,False,False
67,67,24.0,160.0,58.0,female,right handed,False,True,False,False,False,False
68,68,18.0,162.0,50.0,female,right handed,False,True,False,False,False,False
69,69,20.0,163.0,47.0,female,left handed,True,False,False,False,False,False
70,70,17.0,185.0,82.0,male,right handed,True,False,False,False,False,False
71,71,20.0,175.0,83.0,male,left handed,True,False,False,False,False,False
72,72,28.0,168.0,52.0,female,right handed,True,False,False,False,False,False
73,73,21.0,177.0,80.0,male,right handed,True,False,False,False,False,False
74,74,22.0,190.0,80.0,male,right handed,False,False,True,False,False,False
75,75,20.0,192.0,77.0,male,right handed,True,False,False,False,False,False
76,76,18.0,188.0,75.0,male,right handed,True,False,False,False,False,False
77,77,21.0,175.0,60.0,female,right handed,True,False,False,False,False,False
78,78,24.0,148.0,57.0,female,right handed,False,True,False,False,False,False
79,79,21.0,173.0,63.0,female,right handed,True,False,False,False,False,False
80,80,19.0,163.0,48.0,female,right handed,True,False,False,False,False,False
81,81,22.0,177.0,80.0,male,right handed,True,False,False,False,False,False
82,82,18.0,163.0,47.0,female,right handed,True,False,False,False,False,False
83,83,22.0,163.0,53.0,female,right handed,True,False,False,False,False,False
84,84,19.0,168.0,48.0,female,right handed,True,False,False,False,False,False
85,85,22.0,159.0,53.0,male,right handed,False,True,False,False,False,False
86,86,24.0,179.0,65.0,male,right handed,False,False,True,False,False,False
87,87,18.0,159.0,50.0,female,right handed,False,True,False,False,False,False
88,88,21.0,164.0,75.0,female,right handed,True,False,False,False,False,False
89,89,22.0,156.0,50.0,female,right handed,False,False,True,False,False,False
90,90,19.0,154.0,58.0,female,right handed,True,False,False,False,False,False
91,91,18.0,168.0,50.0,female,right handed,True,False,False,False,False,False
92,92,19.0,170.0,63.0,female,right handed,False,True,False,False,False,False
93,93,24.0,175.0,80.0,male,right handed,False,False,True,False,False,False
94,94,21.0,179.0,68.0,male,right handed,True,False,False,False,False,False
95,95,21.0,180.0,75.0,male,right handed,False,True,False,False,False,False
96,96,19.0,182.0,81.0,male,right handed,False,True,False,False,False,False
97,97,19.0,200.0,75.0,male,right handed,False,False,False,True,False,False
98,98,22.0,187.0,70.0,male,right handed,True,False,False,False,False,False
99,99,18.0,162.0,50.0,female,left handed,True,False,False,False,False,False
100,100,21.0,172.0,71.0,female,right handed,True,False,False,False,False,False
101,101,18.0,194.0,90.0,male,right handed,True,False,False,False,False,False
102,102,20.0,168.0,55.0,female,right handed,True,False,False,False,False,False
103,103,22.0,185.0,80.0,male,right handed,True,False,False,False,False,False
104,104,21.0,180.0,70.0,male,right handed,True,False,False,False,False,False
105,105,24.0,178.0,74.0,male,right handed,False,True,False,False,False,False
106,106,19.0,182.0,80.0,male,right handed,True,False,False,False,False,False
107,107,18.0,178.0,55.0,female,right handed,True,False,False,False,False,False
108,108,17.0,168.0,61.0,female,right handed,False,False,False,True,False,False
109,109,18.0,176.0,65.0,male,right handed,True,False,False,False,False,False
110,110,21.0,185.0,70.0,male,right handed,False,True,False,False,False,False
111,111,22.0,166.0,56.0,female,right handed,False,True,False,False,False,False
112,112,20.0,163.0,54.0,female,left handed,True,False,False,False,False,False
113,113,21.0,162.0,60.0,female,right handed,False,True,False,False,False,False
114,114,19.0,163.0,54.0,female,right handed,True,False,False,False,False,False
115,115,17.0,175.0,62.0,female,right handed,True,False,False,False,False,False
116,116,21.0,169.0,61.0,female,right handed,False,True,False,False,False,False
117,117,18.0,165.0,55.0,female,right handed,True,False,False,False,False,False
118,118,23.0,175.0,60.0,male,right handed,False,True,False,False,False,False
119,119,16.0,161.0,54.0,female,right handed,True,False,False,False,False,False
120,120,23.0,188.0,90.0,male,right handed,False,True,False,False,False,False
121,121,21.0,180.0,85.0,male,right handed,True,False,False,False,False,False
122,122,23.0,156.0,56.0,female,right handed,False,False,True,False,False,False
123,123,20.0,172.0,80.0,female,left handed,True,False,False,False,False,False
124,124,20.0,176.0,69.0,male,right handed,True,False,False,False,False,False
125,125,20.0,157.0,54.0,female,right handed,True,False,False,False,False,False
126,126,20.0,163.0,56.0,female,right handed,True,False,False,False,False,False
127,127,19.0,177.0,64.0,female,right handed,False,False,False,True,False,False
128,128,15.0,173.0,49.0,female,left handed,False,False,False,True,False,False
129,129,20.0,178.0,75.0,female,right handed,True,False,False,False,False,False
130,130,19.0,168.0,66.0,female,right handed,True,False,False,False,False,False
131,131,18.0,193.0,103.0,male,right handed,False,False,False,True,False,False
132,132,15.0,170.0,51.0,female,right handed,False,False,False,True,False,False
133,133,20.0,170.0,50.0,female,right handed,False,True,False,False,False,False
134,134,16.0,170.0,59.0,female,right handed,True,False,False,False,False,False
135,135,18.0,185.0,62.0,male,right handed,True,False,False,False,False,False
136,136,21.0,185.0,90.0,male,right handed,True,False,False,False,False,False
137,137,,,,,right handed,False,False,False,True,False,False
138,138,20.0,168.0,50.0,female,right handed,True,False,False,False,False,False
139,139,19.0,168.0,53.0,female,right handed,False,True,False,False,False,False
140,140,19.0,175.0,52.0,female,right handed,False,True,False,False,False,False
141,141,19.0,170.0,65.0,female,right handed,False,False,False,True,False,False
142,142,,,,male,left handed,False,False,False,True,False,False
143,143,20.0,168.0,62.0,female,right handed,True,False,False,False,False,False
144,144,21.0,180.0,66.0,male,right handed,True,False,False,False,False,False
145,145,19.0,165.0,78.0,female,right handed,True,False,False,False,False,False
146,146,21.0,180.0,72.0,male,right handed,True,False,False,False,False,False
147,147,18.0,185.0,83.0,male,right handed,True,False,False,False,False,False
148,148,20.0,165.0,55.0,male,right handed,True,False,False,False,False,False
149,149,19.0,184.0,85.0,male,right handed,False,True,False,False,False,False
150,150,22.0,177.0,61.0,female,right handed,True,False,False,False,False,False
151,151,20.0,180.0,100.0,male,right handed,True,False,False,False,False,False
152,152,25.0,170.0,72.0,male,right handed,False,True,False,False,False,False
153,153,21.0,170.0,52.0,female,right handed,False,True,False,False,False,False
154,154,24.0,185.0,81.0,male,right handed,False,True,False,False,False,False
155,155,19.0,171.0,72.0,female,right handed,True,False,False,False,False,False
156,156,25.0,177.0,97.0,male,left handed,False,False,False,False,False,True
157,157,26.0,175.0,60.0,male,right handed,False,False,True,False,False,False
158,158,15.0,160.0,48.0,female,right handed,False,False,False,False,True,False
159,159,20.0,190.0,70.0,male,right handed,True,False,False,False,False,False
160,160,19.0,194.0,79.0,male,right handed,True,False,False,False,False,False
161,161,20.0,172.0,73.0,female,left handed,True,False,False,False,False,False
162,162,21.0,190.0,89.0,male,left handed,False,True,False,False,False,False
163,163,22.0,184.0,71.0,male,right handed,True,False,False,False,False,False
164,164,20.0,188.0,,male,right handed,True,False,False,False,False,False
165,165,20.0,168.0,60.0,female,right handed,False,True,False,False,False,False
166,166,21.0,161.0,65.0,female,right handed,True,False,False,False,False,False
167,167,21.0,183.0,98.0,male,right handed,False,False,False,True,False,False
168,168,20.0,180.0,71.0,female,right handed,True,False,False,False,False,False
169,169,19.0,157.0,57.0,female,right handed,True,False,False,False,False,False
170,170,19.0,176.0,64.0,male,right handed,True,False,False,False,False,False
171,171,20.0,180.0,72.0,male,right handed,True,False,False,False,False,False
172,172,22.0,191.0,85.0,male,right handed,True,False,False,False,False,False
173,173,21.0,187.0,75.0,male,right handed,True,False,False,False,False,False
174,174,26.0,183.0,78.0,male,right handed,True,False,False,False,False,False
175,175,17.0,163.0,61.0,female,right handed,False,False,False,True,False,False
176,176,22.0,178.0,80.0,male,right handed,False,True,False,False,False,False
177,177,26.0,169.0,70.0,male,right handed,False,False,True,False,False,False
178,178,20.0,160.0,50.0,female,right handed,False,False,True,False,False,False
179,179,22.0,182.0,75.0,male,right handed,True,False,False,False,False,False
180,180,21.0,175.0,60.0,male,right handed,True,False,False,False,False,False
181,181,23.0,180.0,80.0,male,right handed,True,False,False,False,False,False
182,182,19.0,158.0,47.0,female,right handed,True,False,False,False,False,False
183,183,20.0,180.0,70.0,male,right handed,False,True,False,False,False,False
184,184,21.0,174.0,85.0,female,right handed,False,True,False,False,False,False
185,185,19.0,167.0,55.0,female,right handed,True,False,False,False,False,False
186,186,29.0,169.0,65.0,female,right handed,False,False,True,False,False,False
187,187,22.0,183.0,80.0,female,right handed,False,True,False,False,False,False
188,188,19.0,170.0,55.0,female,left handed,False,True,False,False,False,False
189,189,17.0,166.0,54.0,female,right handed,False,False,False,True,False,False
190,190,16.0,158.0,48.0,female,left handed,False,False,False,True,False,False
191,191,29.0,160.0,67.0,female,right handed,False,False,True,False,False,False
192,192,18.0,158.0,65.0,female,right handed,True,False,False,False,False,False
193,193,26.0,169.0,70.0,male,right handed,False,False,True,False,False,False
194,194,19.0,183.0,78.0,male,right handed,True,False,False,False,False,False
195,195,19.0,185.0,70.0,male,right handed,True,False,False,False,False,False
196,196,20.0,169.0,64.0,female,right handed,True,False,False,False,False,False
197,197,22.0,160.0,47.0,female,right handed,False,True,False,False,False,False
198,198,20.0,186.0,88.0,male,right handed,True,False,False,False,False,False
199,199,21.0,186.0,89.0,male,right handed,True,False,False,False,False,False
200,200,21.0,169.0,55.0,male,right handed,True,False,False,False,False,False
201,201,18.0,168.0,56.0,,right handed,True,False,False,False,False,False
202,202,15.0,181.0,63.0,male,right handed,False,False,False,True,False,False
203,203,19.0,163.0,50.0,female,right handed,False,True,False,False,False,False
204,204,24.0,169.0,51.0,female,right handed,False,True,False,False,False,False
205,205,19.0,160.0,53.0,female,right handed,True,False,False,False,False,False
206,206,25.0,184.0,85.0,male,left handed,False,True,False,False,False,False
207,207,20.0,170.0,62.0,female,right handed,False,True,False,False,False,False
208,208,19.0,170.0,60.0,female,right handed,True,False,False,False,False,False
209,209,21.0,,,male,right handed,True,False,False,False,False,False
210,210,23.0,184.0,82.0,male,right handed,True,False,False,False,False,False
211,211,21.0,176.0,55.0,female,right handed,True,False,False,False,False,False
212,212,20.0,170.0,62.0,male,right handed,True,False,False,False,False,False
213,213,20.0,168.0,69.0,female,right handed,True,False,False,False,False,False
214,214,18.0,173.0,55.0,female,right handed,False,False,False,True,False,False
215,215,27.0,180.0,80.0,male,right handed,True,False,False,False,False,False
216,216,17.0,163.0,68.0,female,right handed,True,False,False,False,False,False
217,217,19.0,178.0,60.0,female,right handed,False,False,False,True,False,False
218,218,18.0,182.0,70.0,male,right handed,False,False,False,True,False,False
219,219,26.0,192.0,90.0,male,right handed,True,False,False,False,False,False
220,220,18.0,200.0,90.0,male,right handed,True,False,False,False,False,False
221,221,30.0,178.0,71.0,male,right handed,False,False,True,False,False,False
222,222,24.0,153.0,42.0,female,right handed,True,False,False,False,False,False
223,223,20.0,168.0,51.0,female,right handed,True,False,False,False,False,False
224,224,20.0,172.0,56.0,male,right handed,True,False,False,False,False,False
225,225,20.0,176.0,64.0,male,right handed,True,False,False,False,False,False
226,226,25.0,164.0,54.0,,right handed,True,False,False,False,False,False
227,227,19.0,168.0,68.0,female,right handed,True,False,False,False,False,False
228,228,20.0,157.0,48.0,female,right handed,True,False,False,False,False,False
229,229,21.0,173.0,73.0,male,right handed,True,False,False,False,False,False
230,230,19.0,173.0,63.0,female,right handed,True,False,False,False,False,False
231,231,19.0,171.0,55.0,female,right handed,True,False,False,False,False,False
232,232,19.0,168.0,60.0,female,right handed,True,False,False,False,False,False
233,233,18.0,165.0,48.0,female,right handed,False,False,False,True,False,False
234,234,18.0,168.0,65.0,female,right handed,False,True,False,False,False,False
235,235,16.0,174.0,64.0,female,right handed,True,False,False,False,False,False
236,236,19.0,171.0,57.0,female,right handed,True,False,False,False,False,False
237,237,18.0,173.0,64.0,female,right handed,True,False,False,False,False,False
238,238,19.0,157.0,48.0,female,right handed,False,False,False,True,False,False
239,239,21.0,173.0,59.0,female,left handed,True,False,False,False,False,False
240,240,21.0,180.0,80.0,male,right handed,False,True,False,False,False,False
241,241,18.0,180.0,60.0,female,right handed,True,False,False,False,False,False
242,242,21.0,175.0,63.0,female,right handed,True,False,False,False,False,False
243,243,17.0,178.0,70.0,female,right handed,True,False,False,False,False,False
244,244,20.0,160.0,46.0,female,right handed,True,False,False,False,False,False
245,245,19.0,172.0,60.0,female,right handed,False,False,False,True,False,False
246,246,27.0,180.0,80.0,male,right handed,False,False,True,False,False,False
247,247,22.0,165.0,68.0,female,right handed,False,True,False,False,False,False
248,248,19.0,160.0,55.0,female,right handed,True,False,False,False,False,False
249,249,19.0,165.0,55.0,female,right handed,True,False,False,False,False,False
250,250,20.0,176.0,63.0,female,right handed,True,False,False,False,False,False
251,251,19.0,164.0,60.0,female,right handed,True,False,False,False,False,False
252,252,20.0,155.0,44.0,female,right handed,True,False,False,False,False,False
253,253,17.0,167.0,57.0,female,left handed,False,False,False,True,False,False
254,254,23.0,171.0,59.0,female,right handed,True,False,False,False,False,False
255,255,20.0,158.0,50.0,female,right handed,True,False,False,False,False,False
256,256,20.0,170.0,60.0,female,right handed,True,False,False,False,False,False
257,257,19.0,182.0,65.0,male,right handed,True,False,False,False,False,False
258,258,20.0,182.0,63.0,female,right handed,True,False,False,False,False,False
259,259,19.0,175.0,72.0,male,right handed,True,False,False,False,False,False
260,260,19.0,197.0,96.0,male,right handed,True,False,False,False,False,False
261,261,18.0,170.0,50.0,female,right handed,True,False,False,False,False,False
262,262,19.0,165.0,55.0,female,right handed,True,False,False,False,False,False
263,263,15.0,176.0,53.0,female,right handed,True,False,False,False,False,False
264,264,19.0,167.0,54.0,female,right handed,False,True,False,False,False,False
265,265,15.0,170.0,49.0,female,right handed,True,False,False,False,False,False
266,266,19.0,168.0,72.0,female,right handed,True,False,False,False,False,False
267,267,21.0,163.0,49.0,female,left handed,False,False,True,False,False,False
268,268,19.0,152.0,47.0,female,right handed,False,True,False,False,False,False
269,269,17.0,158.0,57.0,female,right handed,True,False,False,False,False,False
270,270,23.0,165.0,70.0,female,right handed,False,True,False,False,False,False
271,271,24.0,177.0,80.0,male,right handed,True,False,False,False,False,False
272,272,19.0,170.0,55.0,female,right handed,True,False,False,False,False,False
273,273,19.0,178.0,67.0,female,right handed,False,True,False,False,False,False
274,274,22.0,170.0,60.0,female,right handed,True,False,False,False,False,False
275,275,20.0,170.0,70.0,female,right handed,False,True,False,False,False,False
276,276,21.0,,,female,right handed,False,True,False,False,False,False
277,277,19.0,188.0,76.0,male,right handed,True,False,False,False,False,False
278,278,19.0,180.0,85.0,male,right handed,True,False,False,False,False,False
279,279,20.0,161.0,53.0,female,right handed,False,True,False,False,False,False
280,280,18.0,178.0,69.0,female,right handed,True,False,False,False,False,False
281,281,19.0,178.0,74.0,male,right handed,True,False,False,False,False,False
282,282,20.0,165.0,50.0,female,right handed,True,False,False,False,False,False
283,283,22.0,187.0,91.0,male,right handed,True,False,False,False,False,False
284,284,20.0,178.0,68.0,male,right handed,True,False,False,False,False,False
285,285,20.0,168.0,55.0,female,right handed,True,False,False,False,False,False
286,286,27.0,168.0,55.0,female,right handed,False,False,True,False,False,False
287,287,19.0,180.0,57.0,female,right handed,True,False,False,False,False,False
288,288,22.0,192.0,80.0,male,left handed,True,False,False,False,False,False
289,289,19.0,188.0,98.0,male,right handed,False,True,False,False,False,False
290,290,20.0,173.0,58.0,female,right handed,True,False,False,False,False,False
291,291,20.0,193.0,85.0,male,right handed,True,False,False,False,False,False
292,292,21.0,184.0,120.0,female,right handed,True,False,False,False,False,False
293,293,16.0,167.0,62.0,female,right handed,False,False,False,True,False,False
294,294,19.0,177.0,63.0,female,right handed,True,False,False,False,False,False
295,295,18.0,167.0,57.0,female,right handed,True,False,False,False,False,False
296,296,23.0,190.0,90.0,male,right handed,False,True,False,False,False,False
297,297,19.0,187.0,83.0,male,right handed,True,False,False,False,False,False
298,298,19.0,163.0,51.0,female,right handed,True,False,False,False,False,False
299,299,22.0,173.0,52.0,female,right handed,False,True,False,False,False,False
300,300,18.0,165.0,65.0,female,right handed,True,False,False,False,False,False
301,301,20.0,190.0,92.0,male,right handed,False,True,False,False,False,False
302,302,19.0,178.0,58.0,female,right handed,True,False,False,False,False,False
303,303,25.0,167.0,76.0,female,right handed,False,False,True,False,False,False
304,304,18.0,160.0,53.0,female,right handed,True,False,False,False,False,False
305,305,20.0,169.0,64.0,female,right handed,False,True,False,False,False,False
306,306,15.0,174.0,63.0,female,right handed,False,False,False,True,False,False
307,307,19.0,176.0,68.0,female,right handed,True,False,False,False,False,False
308,308,19.0,178.0,68.0,female,right handed,True,False,False,False,False,False
309,309,16.0,158.0,50.0,female,right handed,True,False,False,False,False,False
310,310,19.0,180.0,78.0,male,right handed,False,True,False,False,False,False
311,311,18.0,167.0,57.0,female,right handed,False,True,False,False,False,False
312,312,15.0,170.0,75.0,male,right handed,False,False,False,True,False,False
313,313,20.0,170.0,55.0,female,right handed,True,False,False,False,False,False
314,314,20.0,180.0,75.0,male,right handed,True,False,False,False,False,False
315,315,20.0,184.0,68.0,male,left handed,True,False,False,False,False,False
316,316,20.0,170.0,60.0,female,right handed,True,False,False,False,False,False
317,317,19.0,180.0,65.0,male,right handed,True,False,False,False,False,False
318,318,16.0,169.0,48.0,female,right handed,False,False,False,False,True,False
319,319,18.0,166.0,65.0,female,left handed,True,False,False,False,False,False
320,320,20.0,178.0,88.0,male,right handed,True,False,False,False,False,False
321,321,16.0,162.0,55.0,female,right handed,False,True,False,False,False,False
322,322,18.0,160.0,50.0,female,right handed,False,False,False,True,False,False
323,323,20.0,178.0,68.0,male,left handed,True,False,False,False,False,False
324,324,18.0,168.0,65.0,female,right handed,False,False,False,True,False,False
325,325,19.0,185.0,62.0,male,right handed,True,False,False,False,False,False
326,326,19.0,175.0,58.0,female,right handed,False,True,False,False,False,False
327,327,20.0,167.0,55.0,female,right handed,True,False,False,False,False,False
328,328,18.0,193.0,84.0,male,right handed,False,True,False,False,False,False
329,329,17.0,160.0,60.0,female,right handed,False,False,False,True,False,False
330,330,22.0,171.0,52.0,female,right handed,True,False,False,False,False,False
331,331,17.0,182.0,92.0,male,right handed,True,False,False,False,False,False
332,332,22.0,165.0,60.0,female,right handed,True,False,False,False,False,False
333,333,16.0,174.0,65.0,female,right handed,True,False,False,False,False,False
334,334,24.0,169.0,50.0,female,right handed,False,False,True,False,False,False
335,335,17.0,185.0,73.0,male,right handed,False,False,False,True,False,False
336,336,17.0,170.0,60.0,male,left handed,True,False,False,False,False,False
337,337,17.0,182.0,76.0,male,right handed,True,False,False,False,False,False
338,338,15.0,165.0,48.0,female,left handed,True,False,False,False,False,False
339,339,18.0,160.0,50.0,female,right handed,False,False,False,True,False,False
340,340,18.0,158.0,53.0,female,right handed,False,False,False,True,False,False
341,341,16.0,186.0,63.0,male,right handed,False,False,False,True,False,False
342,342,20.0,173.0,68.0,female,right handed,True,False,False,False,False,False
343,343,29.0,168.0,56.0,female,right handed,False,False,True,False,False,False
344,344,24.0,172.0,68.0,female,right handed,False,True,False,False,False,False
345,345,18.0,164.0,60.0,female,right handed,True,False,False,False,False,False
346,346,17.0,185.0,70.0,male,right handed,False,False,False,True,False,False
347,347,18.0,175.0,65.0,male,left handed,False,False,False,True,False,False
348,348,16.0,182.0,75.0,male,right handed,True,False,False,False,False,False
349,349,17.0,170.0,65.0,female,right handed,False,False,False,True,False,False
350,350,20.0,187.0,68.0,male,right handed,False,True,False,False,False,False
351,351,16.0,169.0,63.0,female,right handed,False,False,False,True,False,False
352,352,19.0,189.0,76.0,male,right handed,True,False,False,False,False,False
353,353,18.0,166.0,60.0,female,right handed,True,False,False,False,False,False
354,354,20.0,161.0,59.0,female,right handed,True,False,False,False,False,False
355,355,19.0,180.0,80.0,male,right handed,True,False,False,False,False,False
356,356,18.0,185.0,74.0,male,left handed,True,False,False,False,False,False
357,357,21.0,179.0,96.0,male,right handed,True,False,False,False,False,False
358,358,19.0,170.0,68.0,male,right handed,False,True,False,False,False,False
359,359,20.0,184.0,72.0,female,right handed,True,False,False,False,False,False
360,360,23.0,180.0,62.0,female,right handed,False,True,False,False,False,False
361,361,19.0,166.0,58.0,female,right handed,False,True,False,False,False,False
362,362,19.0,167.0,50.0,female,right handed,False,True,False,False,False,False
363,363,19.0,167.0,50.0,female,right handed,False,True,False,False,False,False
364,364,20.0,178.0,75.0,male,right handed,False,True,False,False,False,False
365,365,24.0,175.0,70.0,male,right handed,False,True,False,False,False,False
366,366,19.0,190.0,85.0,male,right handed,False,True,False,False,False,False
367,367,20.0,178.0,67.0,male,right handed,True,False,False,False,False,False
368,368,18.0,179.0,55.0,female,right handed,False,False,False,True,False,False
369,369,17.0,180.0,78.0,male,left handed,False,False,False,True,False,False
370,370,19.0,168.0,58.0,female,right handed,True,False,False,False,False,False
371,371,19.0,164.0,53.0,female,right handed,True,False,False,False,False,False
372,372,20.0,187.0,56.0,male,right handed,True,False,False,False,False,False
373,373,20.0,174.0,72.0,male,left handed,False,True,False,False,False,False
374,374,21.0,176.0,62.0,female,right handed,True,False,False,False,False,False
375,375,20.0,170.0,60.0,female,right handed,True,False,False,False,False,False
376,376,20.0,170.0,56.0,female,right handed,True,False,False,False,False,False
377,377,17.0,158.0,70.0,female,right handed,True,False,False,False,False,False
378,378,20.0,175.0,53.0,female,right handed,True,False,False,False,False,False
379,379,25.0,174.0,67.0,male,right handed,False,False,True,False,False,False
380,380,20.0,170.0,58.0,female,left handed,True,False,False,False,False,False
381,381,21.0,173.0,58.0,female,right handed,True,False,False,False,False,False
382,382,21.0,158.0,49.0,female,right handed,True,False,False,False,False,False
383,383,22.0,185.0,90.0,male,right handed,False,True,False,False,False,False
384,384,19.0,170.0,58.0,female,right handed,True,False,False,False,False,False
385,385,25.0,178.0,77.0,male,right handed,False,True,False,False,False,False
386,386,19.0,166.0,55.0,female,right handed,True,False,False,False,False,False
387,387,25.0,167.0,64.0,female,right handed,False,False,True,False,False,False
388,388,25.0,169.0,60.0,female,right handed,False,False,True,False,False,False
389,389,21.0,168.0,60.0,female,right handed,True,False,False,False,False,False
390,390,20.0,178.0,65.0,male,right handed,True,False,False,False,False,False
391,391,24.0,165.0,49.0,female,right handed,False,False,True,False,False,False
392,392,30.0,160.0,47.0,female,right handed,False,False,True,False,False,False
393,393,21.0,176.0,75.0,male,right handed,True,False,False,False,False,False
394,394,27.0,186.0,77.0,male,right handed,False,False,True,False,False,False
395,395,21.0,172.0,68.0,male,right handed,False,True,False,False,False,False
396,396,16.0,164.0,50.0,female,right handed,False,False,False,True,False,False
397,397,21.0,175.0,75.0,female,right handed,False,True,False,False,False,False
398,398,20.0,165.0,60.0,female,right handed,False,True,False,False,False,False
399,399,22.0,160.0,65.0,female,right handed,True,False,False,False,False,False
400,400,19.0,180.0,80.0,male,left handed,True,False,False,False,False,False
401,401,20.0,170.0,90.0,female,right handed,True,False,False,False,False,False
402,402,25.0,180.0,95.0,male,right handed,False,False,True,False,False,False
403,403,23.0,175.0,79.0,male,right handed,True,False,False,False,False,False
404,404,20.0,167.0,57.0,female,right handed,False,True,False,False,False,False
405,405,20.0,165.0,,female,left handed,True,False,False,False,False,False
406,406,21.0,168.0,60.0,female,left handed,True,False,False,False,False,False
407,407,19.0,166.0,44.0,female,left handed,True,False,False,False,False,False
408,408,21.0,164.0,58.0,female,right handed,False,True,False,False,False,False
409,409,16.0,165.0,50.0,female,right handed,False,False,False,False,True,False
410,410,20.0,180.0,88.0,male,right handed,True,False,False,False,False,False
411,411,18.0,173.0,60.0,female,right handed,True,False,False,False,False,False
412,412,21.0,168.0,54.0,female,right handed,True,False,False,False,False,False
413,413,21.0,177.0,68.0,male,right handed,True,False,False,False,False,False
414,414,18.0,167.0,56.0,male,right handed,False,True,False,False,False,False
415,415,19.0,173.0,69.0,female,right handed,True,False,False,False,False,False
416,416,20.0,170.0,54.0,female,left handed,True,False,False,False,False,False
417,417,18.0,180.0,60.0,male,right handed,True,False,False,False,False,False
418,418,18.0,172.0,60.0,female,right handed,False,False,False,True,False,False
419,419,23.0,158.0,53.0,female,right handed,True,False,False,False,False,False
420,420,20.0,165.0,52.0,female,right handed,True,False,False,False,False,False
421,421,18.0,168.0,55.0,female,left handed,True,False,False,False,False,False
422,422,28.0,180.0,76.0,female,right handed,False,True,False,False,False,False
423,423,24.0,163.0,67.0,female,right handed,False,False,True,False,False,False
424,424,19.0,154.0,60.0,female,right handed,True,False,False,False,False,False
425,425,21.0,161.0,57.0,female,right handed,True,False,False,False,False,False
426,426,22.0,160.0,65.0,female,right handed,False,False,True,False,False,False
427,427,19.0,180.0,77.0,male,right handed,True,False,False,False,False,False
428,428,18.0,164.0,56.0,female,right handed,False,False,False,True,False,False
429,429,21.0,162.0,62.0,female,right handed,True,False,False,False,False,False
430,430,19.0,170.0,53.0,female,right handed,False,False,True,False,False,False
431,431,19.0,185.0,78.0,male,left handed,True,False,False,False,False,False
432,432,20.0,184.0,80.0,male,right handed,True,False,False,False,False,False
433,433,19.0,170.0,56.0,female,right handed,True,False,False,False,False,False
434,434,18.0,184.0,83.0,male,right handed,True,False,False,False,False,False
435,435,18.0,173.0,60.0,female,right handed,True,False,False,False,False,False
436,436,19.0,176.0,62.0,male,right handed,True,False,False,False,False,False
437,437,18.0,163.0,55.0,female,right handed,True,False,False,False,False,False
438,438,18.0,180.0,74.0,female,right handed,True,False,False,False,False,False
439,439,19.0,175.0,70.0,male,right handed,True,False,False,False,False,False
440,440,19.0,164.0,58.0,female,right handed,True,False,False,False,False,False
441,441,19.0,155.0,48.0,female,left handed,False,True,False,False,False,False
442,442,18.0,163.0,58.0,female,right handed,True,False,False,False,False,False
443,443,18.0,162.0,54.0,female,right handed,True,False,False,False,False,False
444,444,19.0,170.0,54.0,female,right handed,True,False,False,False,False,False
445,445,20.0,157.0,43.0,female,right handed,True,False,False,False,False,False
446,446,19.0,185.0,70.0,male,right handed,True,False,False,False,False,False
447,447,26.0,163.0,55.0,female,left handed,False,False,True,False,False,False
448,448,19.0,168.0,49.0,female,right handed,True,False,False,False,False,False
449,449,19.0,169.0,67.0,female,right handed,True,False,False,False,False,False
450,450,22.0,178.0,82.0,male,right handed,False,True,False,False,False,False
451,451,20.0,165.0,65.0,male,right handed,False,True,False,False,False,False
452,452,28.0,180.0,63.0,female,right handed,False,False,True,False,False,False
453,453,19.0,169.0,,female,right handed,True,False,False,False,False,False
454,454,21.0,156.0,48.0,female,right handed,True,False,False,False,False,False
455,455,19.0,175.0,58.0,female,right handed,True,False,False,False,False,False
456,456,22.0,188.0,80.0,male,right handed,True,False,False,False,False,False
457,457,19.0,181.0,62.0,male,right handed,True,False,False,False,False,False
458,458,18.0,168.0,52.0,female,right handed,True,False,False,False,False,False
459,459,19.0,166.0,62.0,female,right handed,True,False,False,False,False,False
460,460,22.0,189.0,78.0,male,left handed,True,False,False,False,False,False
461,461,29.0,189.0,96.0,male,right handed,False,False,True,False,False,False
462,462,,,60.0,female,right handed,False,True,False,False,False,False
463,463,18.0,164.0,60.0,female,right handed,True,False,False,False,False,False
464,464,22.0,172.0,50.0,female,right handed,True,False,False,False,False,False
465,465,17.0,157.0,46.0,female,right handed,True,False,False,False,False,False
466,466,19.0,189.0,72.0,male,right handed,False,True,False,False,False,False
467,467,20.0,161.0,46.0,female,right handed,True,False,False,False,False,False
468,468,18.0,173.0,60.0,female,right handed,True,False,False,False,False,False
469,469,22.0,195.0,83.0,male,,True,False,False,False,False,False
470,470,19.0,167.0,58.0,female,right handed,True,False,False,False,False,False
471,471,20.0,178.0,74.0,male,right handed,True,False,False,False,False,False
472,472,25.0,186.0,78.0,male,right handed,False,False,True,False,False,False
473,473,29.0,170.0,64.0,male,left handed,False,False,True,False,False,False
474,474,19.0,180.0,80.0,male,right handed,True,False,False,False,False,False
475,475,18.0,172.0,60.0,female,right handed,True,False,False,False,False,False
476,476,20.0,175.0,60.0,female,right handed,True,False,False,False,False,False
477,477,18.0,169.0,53.0,female,right handed,True,False,False,False,False,False
478,478,30.0,180.0,80.0,male,right handed,False,False,True,False,False,False
479,479,20.0,175.0,57.0,female,right handed,True,False,False,False,False,False
480,480,21.0,161.0,55.0,female,right handed,True,False,False,False,False,False
481,481,22.0,190.0,65.0,male,right handed,False,True,False,False,False,False
482,482,22.0,189.0,82.0,male,right handed,True,False,False,False,False,False
483,483,20.0,173.0,73.0,female,right handed,False,True,False,False,False,False
484,484,20.0,172.0,57.0,female,right handed,True,False,False,False,False,False
485,485,19.0,165.0,64.0,female,right handed,True,False,False,False,False,False
486,486,28.0,171.0,57.0,female,right handed,False,False,True,False,False,False
487,487,19.0,186.0,66.0,female,right handed,True,False,False,False,False,False
488,488,22.0,177.0,75.0,male,right handed,True,False,False,False,False,False
489,489,20.0,160.0,49.0,female,right handed,False,True,False,False,False,False
490,490,16.0,168.0,50.0,female,right handed,False,False,False,True,False,False
491,491,19.0,165.0,56.0,female,right handed,True,False,False,False,False,False
492,492,20.0,163.0,68.0,female,right handed,True,False,False,False,False,False
493,493,21.0,185.0,78.0,male,right handed,False,True,False,False,False,False
494,494,19.0,165.0,55.0,female,right handed,True,False,False,False,False,False
495,495,20.0,,,female,right handed,True,False,False,False,False,False
496,496,25.0,170.0,52.0,female,right handed,False,True,False,False,False,False
497,497,20.0,165.0,60.0,female,right handed,True,False,False,False,False,False
498,498,19.0,170.0,50.0,female,right handed,True,False,False,False,False,False
499,499,22.0,,76.0,male,right handed,True,False,False,False,False,False
500,500,19.0,172.0,58.0,female,left handed,True,False,False,False,False,False
501,501,21.0,179.0,60.0,female,right handed,True,False,False,False,False,False
502,502,22.0,193.0,86.0,male,right handed,False,False,True,False,False,False
503,503,28.0,176.0,60.0,female,right handed,False,False,True,False,False,False
504,504,21.0,168.0,50.0,female,right handed,False,True,False,False,False,False
505,505,20.0,177.0,75.0,male,right handed,True,False,False,False,False,False
506,506,19.0,189.0,83.0,male,left handed,True,False,False,False,False,False
507,507,21.0,168.0,53.0,female,right handed,False,True,False,False,False,False
508,508,20.0,179.0,65.0,male,right handed,True,False,False,False,False,False
509,509,16.0,168.0,,female,right handed,True,False,False,False,False,False
510,510,22.0,176.0,70.0,male,right handed,False,True,False,False,False,False
511,511,19.0,185.0,75.0,male,right handed,True,False,False,False,False,False
512,512,22.0,168.0,58.0,female,right handed,False,True,False,False,False,False
513,513,20.0,178.0,74.0,male,right handed,True,False,False,False,False,False
514,514,22.0,178.0,66.0,male,right handed,False,True,False,False,False,False
515,515,19.0,187.0,69.0,male,right handed,True,False,False,False,False,False
516,516,22.0,173.0,80.0,male,right handed,True,False,False,False,False,False
517,517,17.0,174.0,55.0,female,right handed,True,False,False,False,False,False
518,518,18.0,171.0,62.0,female,right handed,True,False,False,False,False,False
519,519,19.0,185.0,74.0,male,right handed,False,False,False,True,False,False
520,520,23.0,174.0,62.0,female,right handed,False,False,True,False,False,False
521,521,20.0,157.0,57.0,female,right handed,True,False,False,False,False,False
522,522,18.0,165.0,57.0,female,right handed,True,False,False,False,False,False
523,523,19.0,180.0,67.0,male,left handed,False,True,False,False,False,False
524,524,19.0,171.0,60.0,female,right handed,True,False,False,False,False,False
525,525,28.0,170.0,65.0,female,right handed,False,False,True,False,False,False
526,526,21.0,183.0,72.0,male,right handed,False,True,False,False,False,False
527,527,23.0,172.0,69.0,female,left handed,False,False,True,False,False,False
528,528,20.0,185.0,85.0,male,right handed,True,False,False,False,False,False
529,529,20.0,180.0,68.0,male,right handed,True,False,False,False,False,False
530,530,28.0,172.0,50.0,female,right handed,True,False,False,False,False,False
531,531,22.0,189.0,68.0,male,right handed,True,False,False,False,False,False
532,532,19.0,170.0,65.0,female,right handed,True,False,False,False,False,False
533,533,21.0,184.0,82.0,male,right handed,False,True,False,False,False,False
534,534,21.0,170.0,58.0,female,right handed,True,False,False,False,False,False
535,535,17.0,175.0,60.0,male,right handed,True,False,False,False,False,False
536,536,19.0,168.0,57.0,female,right handed,False,True,False,False,False,False
537,537,25.0,190.0,82.0,male,right handed,False,False,True,False,False,False
538,538,20.0,170.0,52.0,female,right handed,True,False,False,False,False,False
539,539,26.0,194.0,85.0,male,right handed,False,True,False,False,False,False
540,540,21.0,182.0,78.0,male,right handed,True,False,False,False,False,False
541,541,20.0,175.0,53.0,female,right handed,True,False,False,False,False,False
542,542,29.0,182.0,92.0,,right handed,False,False,True,False,False,False
543,543,25.0,186.0,80.0,male,right handed,False,False,True,False,False,False
544,544,21.0,175.0,75.0,male,right handed,False,False,True,False,False,False
545,545,20.0,176.0,70.0,male,right handed,True,False,False,False,False,False
546,546,27.0,178.0,77.0,male,right handed,False,False,True,False,False,False
547,547,21.0,203.0,80.0,male,left handed,True,False,False,False,False,False
548,548,20.0,170.0,52.0,female,right handed,True,False,False,False,False,False
549,549,,166.0,51.0,female,left handed,False,True,False,False,False,False
550,550,17.0,163.0,49.0,female,left handed,False,False,False,True,False,False
551,551,16.0,,,female,right handed,True,False,False,False,False,False
552,552,19.0,,50.0,female,right handed,True,False,False,False,False,False
553,553,18.0,170.0,53.0,female,right handed,True,False,False,False,False,False
554,554,19.0,178.0,65.0,male,right handed,False,True,False,False,False,False
555,555,21.0,167.0,63.0,female,right handed,False,True,False,False,False,False
556,556,16.0,168.0,50.0,female,right handed,True,False,False,False,False,False
557,557,20.0,170.0,55.0,female,right handed,False,True,False,False,False,False
558,558,19.0,,,female,right handed,False,False,False,True,False,False
559,559,20.0,173.0,55.0,female,right handed,True,False,False,False,False,False
560,560,16.0,,57.0,female,right handed,False,False,False,False,True,False
561,561,20.0,185.0,86.0,male,right handed,True,False,False,False,False,False
562,562,18.0,170.0,70.0,male,right handed,False,False,False,False,True,False
563,563,20.0,190.0,85.0,male,left handed,True,False,False,False,False,False
564,564,20.0,180.0,75.0,male,right handed,False,True,False,False,False,False
565,565,16.0,165.0,49.0,female,right handed,False,False,False,True,False,False
566,566,19.0,175.0,76.0,female,right handed,True,False,False,False,False,False
567,567,19.0,189.0,97.0,male,right handed,True,False,False,False,False,False
568,568,23.0,172.0,64.0,female,right handed,False,True,False,False,False,False
569,569,20.0,165.0,48.0,female,right handed,False,True,False,False,False,False
570,570,23.0,189.0,88.0,male,left handed,True,False,False,False,False,False
571,571,19.0,170.0,75.0,male,right handed,False,False,False,False,True,False
572,572,22.0,171.0,56.0,female,right handed,False,True,False,False,False,False
573,573,17.0,183.0,75.0,male,right handed,False,False,False,True,False,False
574,574,20.0,178.0,58.0,female,right handed,True,False,False,False,False,False
575,575,21.0,169.0,65.0,female,right handed,True,False,False,False,False,False
576,576,21.0,178.0,78.0,male,right handed,True,False,False,False,False,False
577,577,19.0,160.0,43.0,female,right handed,True,False,False,False,False,False
578,578,20.0,175.0,75.0,female,right handed,True,False,False,False,False,False
579,579,19.0,195.0,95.0,male,right handed,False,True,False,False,False,False
580,580,21.0,171.0,65.0,male,left handed,True,False,False,False,False,False
581,581,22.0,164.0,55.0,female,right handed,True,False,False,False,False,False
582,582,22.0,172.0,70.0,male,right handed,False,True,False,False,False,False
583,583,22.0,190.0,80.0,male,right handed,False,True,False,False,False,False
584,584,28.0,178.0,65.0,female,left handed,False,False,True,False,False,False
585,585,21.0,185.0,80.0,male,right handed,True,False,False,False,False,False
586,586,21.0,189.0,85.0,male,right handed,False,True,False,False,False,False
587,587,17.0,165.0,65.0,female,right handed,False,False,False,True,False,False
588,588,21.0,170.0,52.0,female,right handed,True,False,False,False,False,False
589,589,17.0,173.0,66.0,female,right handed,False,False,False,True,False,False
590,590,28.0,182.0,88.0,male,right handed,False,False,True,False,False,False
591,591,20.0,160.0,55.0,female,right handed,False,True,False,False,False,False
592,592,19.0,170.0,65.0,female,right handed,True,False,False,False,False,False
593,593,21.0,172.0,52.0,female,right handed,True,False,False,False,False,False
594,594,23.0,189.0,87.0,male,right handed,False,True,False,False,False,False
595,595,17.0,168.0,67.0,male,right handed,False,False,False,True,False,False
596,596,20.0,179.0,60.0,male,right handed,False,False,False,True,False,False
597,597,19.0,178.0,68.0,male,right handed,True,False,False,False,False,False
598,598,19.0,170.0,80.0,male,left handed,True,False,False,False,False,False
599,599,19.0,184.0,84.0,male,right handed,True,False,False,False,False,False
600,600,18.0,171.0,54.0,female,right handed,True,False,False,False,False,False
601,601,19.0,164.0,55.0,female,right handed,True,False,False,False,False,False
602,602,22.0,182.0,71.0,male,right handed,True,False,False,False,False,False
603,603,21.0,168.0,60.0,female,right handed,True,False,False,False,False,False
604,604,21.0,170.0,53.0,female,right handed,True,False,False,False,False,False
605,605,21.0,185.0,65.0,male,left handed,False,True,False,False,False,False
606,606,22.0,185.0,82.0,male,right handed,True,False,False,False,False,False
607,607,19.0,168.0,55.0,female,right handed,True,False,False,False,False,False
608,608,25.0,195.0,95.0,male,right handed,True,False,False,False,False,False
609,609,18.0,188.0,73.0,male,right handed,False,False,False,False,True,False
610,610,20.0,183.0,83.0,male,right handed,True,False,False,False,False,False
611,611,18.0,168.0,57.0,female,right handed,True,False,False,False,False,False
612,612,23.0,172.0,110.0,male,right handed,True,False,False,False,False,False
613,613,18.0,162.0,58.0,female,right handed,True,False,False,False,False,False
614,614,22.0,164.0,64.0,female,right handed,True,False,False,False,False,False
615,615,20.0,175.0,70.0,male,right handed,True,False,False,False,False,False
616,616,19.0,178.0,71.0,male,right handed,True,False,False,False,False,False
617,617,19.0,160.0,55.0,female,right handed,True,False,False,False,False,False
618,618,23.0,173.0,65.0,female,right handed,False,True,False,False,False,False
619,619,27.0,175.0,83.0,male,right handed,True,False,False,False,False,False
620,620,20.0,183.0,75.0,male,right handed,True,False,False,False,False,False
621,621,20.0,183.0,65.0,,left handed,True,False,False,False,False,False
622,622,18.0,161.0,74.0,female,right handed,False,False,False,True,False,False
623,623,21.0,175.0,70.0,male,right handed,True,False,False,False,False,False
624,624,21.0,173.0,62.0,female,right handed,True,False,False,False,False,False
625,625,19.0,163.0,50.0,female,right handed,True,False,False,False,False,False
626,626,22.0,162.0,60.0,female,right handed,True,False,False,False,False,False
627,627,20.0,170.0,60.0,female,right handed,False,True,False,False,False,False
628,628,19.0,172.0,68.0,male,right handed,True,False,False,False,False,False
629,629,20.0,163.0,48.0,female,right handed,False,True,False,False,False,False
630,630,19.0,173.0,60.0,female,right handed,True,False,False,False,False,False
631,631,18.0,154.0,67.0,female,right handed,True,False,False,False,False,False
632,632,17.0,178.0,80.0,male,right handed,False,False,False,True,False,False
633,633,21.0,180.0,67.0,male,right handed,True,False,False,False,False,False
634,634,19.0,170.0,63.0,female,right handed,True,False,False,False,False,False
635,635,25.0,173.0,63.0,female,right handed,False,False,True,False,False,False
636,636,24.0,171.0,93.0,male,right handed,False,False,False,False,False,True
637,637,29.0,172.0,66.0,male,right handed,False,False,True,False,False,False
638,638,21.0,156.0,48.0,female,right handed,True,False,False,False,False,False
639,639,18.0,178.0,70.0,male,right handed,False,False,False,True,False,False
640,640,21.0,173.0,53.0,female,right handed,False,True,False,False,False,False
641,641,17.0,175.0,76.0,male,right handed,True,False,False,False,False,False
642,642,22.0,180.0,89.0,male,right handed,True,False,False,False,False,False
643,643,18.0,169.0,53.0,female,right handed,True,False,False,False,False,False
644,644,18.0,165.0,55.0,female,right handed,False,False,False,True,False,False
645,645,23.0,179.0,77.0,male,right handed,True,False,False,False,False,False
646,646,22.0,189.0,,male,left handed,True,False,False,False,False,False
647,647,21.0,167.0,67.0,female,right handed,True,False,False,False,False,False
648,648,23.0,158.0,64.0,female,right handed,False,False,True,False,False,False
649,649,17.0,174.0,56.0,female,right handed,False,False,False,False,True,False
650,650,20.0,188.0,79.0,male,left handed,True,False,False,False,False,False
651,651,22.0,171.0,81.0,male,right handed,True,False,False,False,False,False
652,652,21.0,193.0,75.0,male,right handed,True,False,False,False,False,False
653,653,22.0,165.0,52.0,female,left handed,False,True,False,False,False,False
654,654,24.0,178.0,80.0,male,right handed,True,False,False,False,False,False
655,655,19.0,174.0,70.0,female,right handed,True,False,False,False,False,False
656,656,18.0,159.0,52.0,female,left handed,True,False,False,False,False,False
657,657,24.0,,61.0,female,right handed,False,True,False,False,False,False
658,658,22.0,176.0,74.0,male,right handed,True,False,False,False,False,False
659,659,20.0,,65.0,male,right handed,True,False,False,False,False,False
660,660,20.0,166.0,55.0,female,right handed,False,True,False,False,False,False
661,661,19.0,165.0,70.0,female,right handed,True,False,False,False,False,False
662,662,21.0,162.0,52.0,female,right handed,True,False,False,False,False,False
663,663,25.0,191.0,77.0,male,right handed,False,False,True,False,False,False
664,664,28.0,168.0,55.0,female,right handed,False,False,True,False,False,False
665,665,20.0,173.0,50.0,female,left handed,True,False,False,False,False,False
666,666,20.0,164.0,60.0,female,right handed,True,False,False,False,False,False
667,667,23.0,172.0,77.0,male,right handed,True,False,False,False,False,False
668,668,27.0,186.0,82.0,male,left handed,False,False,False,False,False,True
669,669,21.0,180.0,77.0,male,right handed,False,True,False,False,False,False
670,670,23.0,170.0,60.0,female,right handed,True,False,False,False,False,False
671,671,22.0,165.0,57.0,female,right handed,False,True,False,False,False,False
672,672,28.0,166.0,60.0,female,right handed,False,False,True,False,False,False
673,673,22.0,170.0,52.0,female,right handed,True,False,False,False,False,False
674,674,18.0,173.0,67.0,male,right handed,False,True,False,False,False,False
675,675,25.0,165.0,75.0,female,right handed,True,False,False,False,False,False
676,676,20.0,62.0,55.0,female,right handed,False,True,False,False,False,False
677,677,28.0,164.0,77.0,female,right handed,True,False,False,False,False,False
678,678,23.0,162.0,65.0,female,right handed,False,True,False,False,False,False
679,679,21.0,185.0,70.0,female,left handed,True,False,False,False,False,False
680,680,25.0,160.0,55.0,female,right handed,False,True,False,False,False,False
681,681,28.0,180.0,70.0,female,right handed,False,False,True,False,False,False
682,682,19.0,172.0,75.0,male,right handed,True,False,False,False,False,False
683,683,30.0,179.0,80.0,female,right handed,True,False,False,False,False,False
684,684,28.0,165.0,57.0,female,right handed,True,False,False,False,False,False
685,685,19.0,163.0,53.0,female,right handed,True,False,False,False,False,False
686,686,21.0,175.0,80.0,male,right handed,False,True,False,False,False,False
687,687,19.0,170.0,60.0,male,right handed,False,True,False,False,False,False
688,688,18.0,165.0,48.0,female,right handed,True,False,False,False,False,False
689,689,18.0,174.0,64.0,male,right handed,True,False,False,False,False,False
690,690,18.0,182.0,63.0,male,right handed,True,False,False,False,False,False
691,691,17.0,168.0,70.0,female,right handed,False,True,False,False,False,False
692,692,21.0,168.0,62.0,male,right handed,False,True,False,False,False,False
693,693,18.0,171.0,69.0,female,right handed,True,False,False,False,False,False
694,694,21.0,187.0,73.0,male,right handed,False,True,False,False,False,False
695,695,23.0,167.0,70.0,female,right handed,False,True,False,False,False,False
696,696,18.0,168.0,62.0,female,right handed,False,False,False,True,False,False
697,697,20.0,168.0,76.0,female,right handed,True,False,False,False,False,False
698,698,19.0,163.0,70.0,female,right handed,True,False,False,False,False,False
699,699,20.0,170.0,50.0,female,right handed,True,False,False,False,False,False
700,700,26.0,168.0,65.0,female,right handed,False,True,False,False,False,False
701,701,21.0,175.0,70.0,female,right handed,False,True,False,False,False,False
702,702,19.0,185.0,83.0,male,right handed,True,False,False,False,False,False
703,703,23.0,178.0,,male,right handed,True,False,False,False,False,False
704,704,21.0,171.0,60.0,female,right handed,True,False,False,False,False,False
705,705,22.0,172.0,60.0,female,right handed,False,True,False,False,False,False
706,706,18.0,188.0,77.0,male,right handed,True,False,False,False,False,False
707,707,21.0,162.0,51.0,female,right handed,True,False,False,False,False,False
708,708,23.0,174.0,60.0,male,right handed,True,False,False,False,False,False
709,709,17.0,167.0,70.0,female,right handed,False,True,False,False,False,False
710,710,20.0,163.0,52.0,female,right handed,True,False,False,False,False,False
711,711,22.0,170.0,55.0,female,right handed,True,False,False,False,False,False
712,712,20.0,173.0,,female,right handed,True,False,False,False,False,False
713,713,19.0,168.0,60.0,female,right handed,False,True,False,False,False,False
714,714,25.0,164.0,63.0,female,right handed,False,False,True,False,False,False
715,715,29.0,183.0,111.0,male,left handed,True,False,False,False,False,False
716,716,29.0,173.0,81.0,male,right handed,True,False,False,False,False,False
717,717,17.0,173.0,54.0,female,right handed,False,False,False,True,False,False
718,718,17.0,171.0,57.0,female,right handed,True,False,False,False,False,False
719,719,19.0,185.0,75.0,male,left handed,True,False,False,False,False,False
720,720,18.0,170.0,75.0,female,right handed,True,False,False,False,False,False
721,721,20.0,174.0,60.0,female,right handed,False,True,False,False,False,False
722,722,21.0,161.0,48.0,female,right handed,False,True,False,False,False,False
723,723,18.0,175.0,58.0,female,right handed,True,False,False,False,False,False
724,724,19.0,180.0,70.0,female,right handed,False,False,False,True,False,False
725,725,19.0,176.0,66.0,male,right handed,True,False,False,False,False,False
726,726,20.0,175.0,65.0,male,right handed,True,False,False,False,False,False
727,727,19.0,175.0,80.0,male,left handed,True,False,False,False,False,False
728,728,18.0,180.0,75.0,female,right handed,False,False,False,True,False,False
729,729,18.0,192.0,90.0,male,right handed,True,False,False,False,False,False
730,730,16.0,160.0,49.0,female,right handed,False,False,False,True,False,False
731,731,18.0,163.0,57.0,female,right handed,False,True,False,False,False,False
732,732,19.0,170.0,63.0,female,right handed,True,False,False,False,False,False
733,733,24.0,166.0,55.0,female,right handed,False,True,False,False,False,False
734,734,19.0,168.0,56.0,female,right handed,True,False,False,False,False,False
735,735,,165.0,67.0,female,right handed,False,False,True,False,False,False
736,736,20.0,166.0,60.0,female,right handed,False,True,False,False,False,False
737,737,21.0,180.0,61.0,female,right handed,False,True,False,False,False,False
738,738,23.0,187.0,85.0,male,right handed,False,True,False,False,False,False
739,739,23.0,165.0,60.0,male,right handed,False,True,False,False,False,False
740,740,17.0,182.0,84.0,male,right handed,True,False,False,False,False,False
741,741,18.0,173.0,65.0,female,right handed,True,False,False,False,False,False
742,742,26.0,183.0,90.0,male,right handed,False,False,True,False,False,False
743,743,22.0,186.0,65.0,male,right handed,False,True,False,False,False,False
744,744,22.0,170.0,60.0,male,right handed,True,False,False,False,False,False
745,745,25.0,165.0,75.0,male,left handed,False,True,False,False,False,False
746,746,21.0,177.0,73.0,female,right handed,True,False,False,False,False,False
747,747,18.0,170.0,75.0,female,right handed,True,False,False,False,False,False
748,748,15.0,160.0,51.0,female,right handed,False,False,False,False,True,False
749,749,17.0,175.0,64.0,male,right handed,True,False,False,False,False,False
750,750,22.0,175.0,86.0,female,left handed,False,True,False,False,False,False
751,751,21.0,168.0,49.0,female,right handed,True,False,False,False,False,False
752,752,21.0,162.0,51.0,female,right handed,False,True,False,False,False,False
753,753,19.0,171.0,49.0,female,right handed,True,False,False,False,False,False
754,754,26.0,186.0,98.0,male,right handed,False,True,False,False,False,False
755,755,26.0,172.0,80.0,female,right handed,False,False,True,False,False,False
756,756,25.0,183.0,84.0,male,right handed,True,False,False,False,False,False
757,757,19.0,159.0,52.0,female,right handed,False,True,False,False,False,False
758,758,20.0,197.0,100.0,male,right handed,False,True,False,False,False,False
759,759,18.0,192.0,91.0,male,right handed,True,False,False,False,False,False
760,760,25.0,167.0,49.0,female,right handed,False,True,False,False,False,False
761,761,23.0,192.0,86.0,male,right handed,True,False,False,False,False,False
762,762,24.0,190.0,84.0,male,right handed,False,True,False,False,False,False
763,763,20.0,186.0,78.0,male,left handed,False,True,False,False,False,False
764,764,19.0,172.0,50.0,female,right handed,False,True,False,False,False,False
765,765,18.0,186.0,76.0,male,right handed,True,False,False,False,False,False
766,766,25.0,167.0,60.0,female,left handed,True,False,False,False,False,False
767,767,22.0,179.0,78.0,male,left handed,False,False,True,False,False,False
768,768,26.0,185.0,92.0,male,right handed,False,False,True,False,False,False
769,769,19.0,167.0,63.0,female,right handed,True,False,False,False,False,False
770,770,16.0,170.0,54.0,female,right handed,False,True,False,False,False,False
771,771,18.0,174.0,64.0,male,right handed,True,False,False,False,False,False
772,772,20.0,170.0,53.0,female,right handed,True,False,False,False,False,False
773,773,17.0,168.0,70.0,female,right handed,False,True,False,False,False,False
774,774,20.0,171.0,62.0,female,left handed,True,False,False,False,False,False
775,775,19.0,165.0,51.0,female,right handed,False,True,False,False,False,False
776,776,25.0,168.0,62.0,male,right handed,False,False,True,False,False,False
777,777,19.0,185.0,65.0,male,right handed,True,False,False,False,False,False
778,778,18.0,165.0,55.0,female,right handed,True,False,False,False,False,False
779,779,17.0,167.0,48.0,female,right handed,True,False,False,False,False,False
780,780,18.0,174.0,64.0,male,right handed,True,False,False,False,False,False
781,781,20.0,171.0,63.0,female,right handed,True,False,False,False,False,False
782,782,17.0,170.0,55.0,female,right handed,True,False,False,False,False,False
783,783,21.0,182.0,70.0,male,right handed,True,False,False,False,False,False
784,784,19.0,190.0,80.0,male,left handed,True,False,False,False,False,False
785,785,19.0,187.0,80.0,male,left handed,False,True,False,False,False,False
786,786,19.0,193.0,83.0,male,right handed,True,False,False,False,False,False
787,787,16.0,177.0,70.0,male,right handed,False,False,False,True,False,False
788,788,18.0,158.0,50.0,female,left handed,False,False,False,True,False,False
789,789,19.0,178.0,80.0,male,right handed,False,True,False,False,False,False
790,790,20.0,,,female,right handed,True,False,False,False,False,False
791,791,19.0,162.0,52.0,female,right handed,True,False,False,False,False,False
792,792,21.0,192.0,93.0,male,right handed,False,False,True,False,False,False
793,793,24.0,185.0,120.0,male,right handed,False,False,False,False,False,True
794,794,23.0,190.0,95.0,male,right handed,True,False,False,False,False,False
795,795,30.0,173.0,69.0,female,right handed,True,False,False,False,False,False
796,796,27.0,189.0,113.0,male,left handed,False,False,False,False,False,True
797,797,19.0,185.0,65.0,male,right handed,True,False,False,False,False,False
798,798,18.0,160.0,55.0,female,right handed,True,False,False,False,False,False
799,799,18.0,203.0,89.0,male,right handed,True,False,False,False,False,False
800,800,17.0,185.0,70.0,male,right handed,True,False,False,False,False,False
801,801,30.0,173.0,72.0,female,right handed,True,False,False,False,False,False
802,802,19.0,172.0,60.0,female,right handed,True,False,False,False,False,False
803,803,27.0,173.0,79.0,female,right handed,True,False,False,False,False,False
804,804,21.0,173.0,62.0,female,right handed,True,False,False,False,False,False
805,805,17.0,165.0,53.0,female,left handed,False,False,False,True,False,False
806,806,20.0,184.0,79.0,male,right handed,True,False,False,False,False,False
807,807,20.0,187.0,95.0,male,right handed,True,False,False,False,False,False
808,808,20.0,181.0,73.0,male,right handed,False,True,False,False,False,False
809,809,18.0,176.0,76.0,male,right handed,True,False,False,False,False,False
810,810,20.0,180.0,90.0,male,right handed,False,True,False,False,False,False
811,811,20.0,178.0,66.0,male,right handed,True,False,False,False,False,False
812,812,17.0,175.0,60.0,female,right handed,True,False,False,False,False,False
813,813,19.0,181.0,78.0,male,right handed,True,False,False,False,False,False
814,814,20.0,165.0,53.0,female,right handed,True,False,False,False,False,False
815,815,20.0,183.0,82.0,male,right handed,True,False,False,False,False,False
816,816,21.0,180.0,63.0,male,right handed,True,False,False,False,False,False
817,817,23.0,170.0,70.0,male,right handed,False,False,False,True,False,False
818,818,24.0,178.0,80.0,male,right handed,True,False,False,False,False,False
819,819,17.0,160.0,48.0,female,right handed,True,False,False,False,False,False
820,820,18.0,162.0,55.0,female,right handed,True,False,False,False,False,False
821,821,17.0,185.0,99.0,male,right handed,True,False,False,False,False,False
822,822,19.0,175.0,60.0,female,right handed,True,False,False,False,False,False
823,823,21.0,188.0,81.0,male,right handed,True,False,False,False,False,False
824,824,29.0,170.0,58.0,female,right handed,False,True,False,False,False,False
825,825,21.0,170.0,55.0,female,,False,True,False,False,False,False
826,826,20.0,158.0,55.0,female,right handed,True,False,False,False,False,False
827,827,20.0,168.0,55.0,female,right handed,True,False,False,False,False,False
828,828,19.0,184.0,80.0,male,right handed,False,True,False,False,False,False
829,829,20.0,162.0,50.0,female,right handed,False,True,False,False,False,False
830,830,21.0,168.0,70.0,female,right handed,True,False,False,False,False,False
831,831,17.0,170.0,50.0,female,right handed,False,False,False,False,False,False
832,832,20.0,165.0,57.0,female,right handed,True,False,False,False,False,False
833,833,19.0,193.0,77.0,male,right handed,True,False,False,False,False,False
834,834,21.0,179.0,76.0,male,right handed,True,False,False,False,False,False
835,835,19.0,190.0,76.0,male,right handed,True,False,False,False,False,False
836,836,19.0,187.0,88.0,male,right handed,True,False,False,False,False,False
837,837,20.0,183.0,65.0,male,right handed,True,False,False,False,False,False
838,838,21.0,170.0,58.0,female,right handed,False,True,False,False,False,False
839,839,23.0,163.0,68.0,female,right handed,False,False,True,False,False,False
840,840,24.0,169.0,53.0,female,right handed,False,True,False,False,False,False
841,841,19.0,185.0,65.0,male,left handed,True,False,False,False,False,False
842,842,24.0,164.0,,female,right handed,False,True,False,False,False,False
843,843,20.0,177.0,70.0,female,right handed,True,False,False,False,False,False
844,844,30.0,184.0,78.0,male,right handed,False,False,True,False,False,False
845,845,20.0,165.0,56.0,female,right handed,True,False,False,False,False,False
846,846,23.0,171.0,54.0,female,right handed,True,False,False,False,False,False
847,847,19.0,170.0,51.0,female,left handed,True,False,False,False,False,False
848,848,19.0,184.0,60.0,male,right handed,False,True,False,False,False,False
849,849,22.0,174.0,61.0,female,left handed,False,True,False,False,False,False
850,850,17.0,175.0,68.0,female,right handed,True,False,False,False,False,False
851,851,20.0,183.0,67.0,male,right handed,False,True,False,False,False,False
852,852,19.0,175.0,75.0,male,right handed,True,False,False,False,False,False
853,853,30.0,175.0,68.0,female,right handed,False,False,True,False,False,False
854,854,27.0,180.0,75.0,male,left handed,False,True,False,False,False,False
855,855,19.0,180.0,90.0,male,right handed,False,True,False,False,False,False
856,856,17.0,156.0,51.0,female,right handed,True,False,False,False,False,False
857,857,20.0,192.0,80.0,male,right handed,True,False,False,False,False,False
858,858,20.0,187.0,80.0,male,right handed,True,False,False,False,False,False
859,859,20.0,190.0,125.0,male,right handed,True,False,False,False,False,False
860,860,20.0,182.0,88.0,male,right handed,True,False,False,False,False,False
861,861,18.0,172.0,55.0,female,right handed,True,False,False,False,False,False
862,862,21.0,187.0,80.0,male,right handed,False,True,False,False,False,False
863,863,21.0,195.0,82.0,male,right handed,True,False,False,False,False,False
864,864,20.0,185.0,85.0,male,right handed,True,False,False,False,False,False
865,865,17.0,182.0,79.0,female,right handed,True,False,False,False,False,False
866,866,23.0,185.0,90.0,male,right handed,False,True,False,False,False,False
867,867,25.0,172.0,56.0,female,right handed,False,False,True,False,False,False
868,868,18.0,187.0,85.0,male,right handed,True,False,False,False,False,False
869,869,18.0,170.0,54.0,female,right handed,True,False,False,False,False,False
870,870,25.0,168.0,63.0,female,right handed,False,False,True,False,False,False
871,871,21.0,180.0,73.0,male,right handed,False,True,False,False,False,False
872,872,20.0,182.0,73.0,male,right handed,True,False,False,False,False,False
873,873,21.0,179.0,74.0,male,right handed,True,False,False,False,False,False
874,874,18.0,162.0,54.0,female,right handed,True,False,False,False,False,False
875,875,20.0,173.0,,female,right handed,True,False,False,False,False,False
876,876,19.0,182.0,72.0,male,right handed,True,False,False,False,False,False
877,877,22.0,189.0,89.0,male,right handed,True,False,False,False,False,False
878,878,26.0,182.0,76.0,male,left handed,True,False,False,False,False,False
879,879,23.0,185.0,87.0,male,right handed,True,False,False,False,False,False
880,880,18.0,162.0,54.0,female,right handed,True,False,False,False,False,False
881,881,18.0,170.0,54.0,female,right handed,True,False,False,False,False,False
882,882,16.0,168.0,54.0,female,right handed,False,False,False,True,False,False
883,883,19.0,168.0,57.0,female,right handed,True,False,False,False,False,False
884,884,19.0,175.0,58.0,female,right handed,False,True,False,False,False,False
885,885,23.0,,165.0,female,right handed,True,False,False,False,False,False
886,886,21.0,187.0,85.0,male,right handed,True,False,False,False,False,False
887,887,19.0,180.0,75.0,male,right handed,True,False,False,False,False,False
888,888,20.0,175.0,58.0,female,right handed,False,True,False,False,False,False
889,889,22.0,170.0,,female,right handed,False,True,False,False,False,False
890,890,20.0,180.0,57.0,male,right handed,True,False,False,False,False,False
891,891,21.0,178.0,75.0,male,right handed,True,False,False,False,False,False
892,892,19.0,181.0,70.0,male,right handed,True,False,False,False,False,False
893,893,17.0,165.0,58.0,female,right handed,False,False,False,True,False,False
894,894,19.0,158.0,45.0,female,right handed,True,False,False,False,False,False
895,895,16.0,162.0,65.0,male,right handed,True,False,False,False,False,False
896,896,22.0,174.0,83.0,male,right handed,False,True,False,False,False,False
897,897,23.0,183.0,85.0,male,left handed,False,True,False,False,False,False
898,898,28.0,172.0,54.0,female,,False,False,True,False,False,False
899,899,20.0,183.0,69.0,male,left handed,True,False,False,False,False,False
900,900,21.0,176.0,80.0,male,right handed,True,False,False,False,False,False
901,901,22.0,173.0,50.0,female,right handed,True,False,False,False,False,False
902,902,,,,male,right handed,False,False,True,False,False,False
903,903,19.0,188.0,75.0,male,right handed,False,True,False,False,False,False
904,904,24.0,160.0,55.0,female,right handed,False,True,False,False,False,False
905,905,23.0,170.0,63.0,male,right handed,False,True,False,False,False,False
906,906,21.0,164.0,52.0,female,right handed,True,False,False,False,False,False
907,907,22.0,167.0,50.0,female,right handed,True,False,False,False,False,False
908,908,18.0,184.0,81.0,male,right handed,True,False,False,False,False,False
909,909,28.0,166.0,58.0,female,left handed,False,False,True,False,False,False
910,910,18.0,165.0,48.0,female,right handed,True,False,False,False,False,False
911,911,23.0,174.0,69.0,female,right handed,False,True,False,False,False,False
912,912,22.0,162.0,55.0,female,right handed,True,False,False,False,False,False
913,913,21.0,164.0,52.0,female,right handed,True,False,False,False,False,False
914,914,20.0,171.0,57.0,female,right handed,True,False,False,False,False,False
915,915,18.0,170.0,65.0,female,right handed,False,False,False,True,False,False
916,916,21.0,175.0,55.0,male,right handed,True,False,False,False,False,False
917,917,20.0,185.0,80.0,male,right handed,False,True,False,False,False,False
918,918,21.0,159.0,52.0,female,right handed,True,False,False,False,False,False
919,919,21.0,165.0,50.0,female,left handed,True,False,False,False,False,False
920,920,20.0,165.0,54.0,female,right handed,True,False,False,False,False,False
921,921,17.0,185.0,84.0,male,right handed,False,False,False,True,False,False
922,922,20.0,175.0,67.0,female,right handed,True,False,False,False,False,False
923,923,23.0,163.0,59.0,female,right handed,False,True,False,False,False,False
924,924,19.0,155.0,50.0,female,right handed,True,False,False,False,False,False
925,925,20.0,170.0,63.0,female,right handed,True,False,False,False,False,False
926,926,22.0,183.0,70.0,male,right handed,True,False,False,False,False,False
927,927,19.0,163.0,56.0,female,right handed,True,False,False,False,False,False
928,928,19.0,153.0,44.0,female,right handed,True,False,False,False,False,False
929,929,27.0,173.0,58.0,female,right handed,False,True,False,False,False,False
930,930,18.0,165.0,45.0,female,left handed,False,False,False,True,False,False
931,931,18.0,178.0,80.0,male,right handed,True,False,False,False,False,False
932,932,20.0,155.0,45.0,female,right handed,True,False,False,False,False,False
933,933,17.0,170.0,50.0,female,right handed,True,False,False,False,False,False
934,934,19.0,163.0,54.0,,right handed,False,False,False,True,False,False
935,935,16.0,164.0,60.0,female,right handed,True,False,False,False,False,False
936,936,21.0,171.0,66.0,female,right handed,True,False,False,False,False,False
937,937,18.0,167.0,62.0,female,right handed,False,False,False,True,False,False
938,938,19.0,166.0,63.0,female,right handed,True,False,False,False,False,False
939,939,20.0,,47.0,female,right handed,True,False,False,False,False,False
940,940,16.0,172.0,59.0,male,right handed,False,False,False,True,False,False
941,941,18.0,172.0,55.0,female,right handed,False,False,False,True,False,False
942,942,24.0,175.0,71.0,male,right handed,False,True,False,False,False,False
943,943,22.0,182.0,83.0,female,right handed,True,False,False,False,False,False
944,944,19.0,162.0,47.0,female,right handed,True,False,False,False,False,False
945,945,22.0,180.0,70.0,male,right handed,True,False,False,False,False,False
946,946,22.0,193.0,100.0,male,right handed,True,False,False,False,False,False
947,947,16.0,180.0,55.0,female,right handed,True,False,False,False,False,False
948,948,18.0,170.0,75.0,female,right handed,True,False,False,False,False,False
949,949,18.0,164.0,56.0,female,right handed,True,False,False,False,False,False
950,950,15.0,190.0,85.0,male,left handed,False,False,False,False,True,False
951,951,26.0,186.0,76.0,male,right handed,False,False,True,False,False,False
952,952,19.0,179.0,60.0,male,right handed,True,False,False,False,False,False
953,953,20.0,165.0,57.0,female,right handed,True,False,False,False,False,False
954,954,20.0,175.0,62.0,female,right handed,True,False,False,False,False,False
955,955,19.0,166.0,51.0,female,right handed,True,False,False,False,False,False
956,956,20.0,178.0,83.0,male,right handed,True,False,False,False,False,False
957,957,20.0,175.0,65.0,male,right handed,True,False,False,False,False,False
958,958,22.0,169.0,59.0,female,right handed,False,True,False,False,False,False
959,959,24.0,176.0,48.0,female,left handed,False,False,True,False,False,False
960,960,,,,female,right handed,False,False,True,False,False,False
961,961,20.0,172.0,75.0,male,left handed,True,False,False,False,False,False
962,962,21.0,167.0,56.0,female,right handed,True,False,False,False,False,False
963,963,23.0,185.0,92.0,male,left handed,True,False,False,False,False,False
964,964,21.0,,75.0,male,right handed,False,True,False,False,False,False
965,965,17.0,170.0,65.0,female,right handed,False,False,False,True,False,False
966,966,19.0,170.0,55.0,female,left handed,False,True,False,False,False,False
967,967,18.0,187.0,71.0,male,right handed,False,False,False,True,False,False
968,968,19.0,184.0,75.0,male,left handed,True,False,False,False,False,False
969,969,19.0,180.0,70.0,male,right handed,False,True,False,False,False,False
970,970,22.0,187.0,82.0,male,right handed,False,False,True,False,False,False
971,971,18.0,177.0,60.0,male,right handed,True,False,False,False,False,False
972,972,19.0,178.0,88.0,female,right handed,True,False,False,False,False,False
973,973,20.0,175.0,120.0,female,right handed,True,False,False,False,False,False
974,974,21.0,183.0,73.0,female,right handed,True,False,False,False,False,False
975,975,23.0,175.0,85.0,female,right handed,True,False,False,False,False,False
976,976,19.0,172.0,62.0,female,right handed,True,False,False,False,False,False
977,977,19.0,183.0,83.0,male,right handed,True,False,False,False,False,False
978,978,21.0,165.0,60.0,female,right handed,False,True,False,False,False,False
979,979,19.0,194.0,90.0,male,left handed,True,False,False,False,False,False
980,980,18.0,166.0,53.0,female,right handed,True,False,False,False,False,False
981,981,19.0,168.0,57.0,female,left handed,True,False,False,False,False,False
982,982,18.0,178.0,70.0,male,right handed,True,False,False,False,False,False
983,983,22.0,172.0,60.0,female,right handed,True,False,False,False,False,False
984,984,21.0,165.0,55.0,female,right handed,True,False,False,False,False,False
985,985,20.0,167.0,53.0,female,right handed,True,False,False,False,False,False
986,986,19.0,161.0,60.0,female,right handed,True,False,False,False,False,False
987,987,20.0,184.0,80.0,male,right handed,True,False,False,False,False,False
988,988,19.0,183.0,70.0,male,right handed,True,False,False,False,False,False
989,989,30.0,168.0,54.0,female,right handed,False,False,True,False,False,False
990,990,29.0,180.0,93.0,male,right handed,True,False,False,False,False,False
991,991,21.0,172.0,80.0,male,right handed,True,False,False,False,False,False
992,992,30.0,200.0,150.0,male,right handed,False,False,True,False,False,False
993,993,21.0,173.0,55.0,female,right handed,True,False,False,False,False,False
994,994,20.0,176.0,78.0,female,right handed,True,False,False,False,False,False
995,995,18.0,163.0,53.0,female,right handed,True,False,False,False,False,False
996,996,20.0,190.0,74.0,male,right handed,True,False,False,False,False,False
997,997,19.0,167.0,53.0,female,right handed,True,False,False,False,False,False
998,998,28.0,192.0,105.0,male,right handed,False,False,True,False,False,False
999,999,19.0,181.0,70.0,male,right handed,True,False,False,False,False,False
1000,1000,16.0,153.0,62.0,female,right handed,False,False,False,True,False,False
1001,1001,18.0,160.0,63.0,female,right handed,False,False,False,True,False,False
1002,1002,22.0,181.0,72.0,male,right handed,True,False,False,False,False,False
1003,1003,20.0,172.0,63.0,female,right handed,True,False,False,False,False,False
1004,1004,22.0,175.0,60.0,male,right handed,True,False,False,False,False,False
1005,1005,20.0,164.0,57.0,female,right handed,True,False,False,False,False,False
1006,1006,27.0,183.0,80.0,male,left handed,False,False,True,False,False,False
1007,1007,18.0,173.0,75.0,female,right handed,True,False,False,False,False,False
1008,1008,25.0,173.0,58.0,female,right handed,False,True,False,False,False,False
1009,1009,21.0,185.0,72.0,male,right handed,True,False,False,False,False,False
